year,gdp_nominal_mxn,gdp_real_2018_mxn,gdp_deflator_index,inpc_index,inflation_annual_pct,inflation_accumulated_since_1990_pct,population,gdp_nominal_per_capita_mxn,gdp_real_per_capita_2018_mxn,public_debt_total_mxn,public_debt_internal_mxn,public_debt_external_mxn,public_debt_external_usd,debt_to_gdp_pct,debt_per_capita_mxn,debt_yoy_growth_pct,real_public_debt_2018_mxn,exchange_rate_fix_mxn_usd_avg,international_reserves_usd,exports_usd,imports_usd,trade_balance_usd,remittances_usd,fdi_usd,domestic_investment_mxn,unemployment_pct,poverty_pct,moderate_poverty_pct,extreme_poverty_pct,vulnerable_social_pct,vulnerable_income_pct,nonpoor_nonvulnerable_pct,middle_class_pct,rich_or_high_class_pct,president,party,sexenio,crisis_event,source_flags,validation_notes,dataset_version,fecha_corte_dataset,presidente_principal_anio,partido_principal_anio,periodo_presidencial_principal,presidente_fin_anio,partido_fin_anio,cambio_presidencial_en_anio,hitos_anio,numero_hitos,hay_hitos,inpc_promedio_anual,inpc_cierre_anual,inflacion_dic_dic_pct,inflacion_promedio_anual_pct,desempleo_sa_promedio_anual_pct,desempleo_sa_cierre_anual_pct,desempleo_sa_ultimo_valor_disponible_pct,desempleo_trimestral_promedio_total_pct,es_anio_mundial,mundial_edicion_numero,mundial_continente_sede,mundial_sede,mundial_estatus_mexico,mundial_participo,mundial_anfitrion,mundial_fase_alcanzada,mundial_fase_orden,mundial_posicion_final,mundial_partidos,mundial_ganados,mundial_empatados,mundial_perdidos,mundial_goles_favor,mundial_goles_contra,mundial_diferencia_goles,mundial_rendimiento_puntos_pct,mundial_porcentaje_victorias,mundial_resultado_resumen,mundial_eliminado_por,mundial_siguiente_rival,mundial_detalle,mundial_datos_provisionales,mundial_fecha_actualizacion,mundial_fases_superadas,mundial_puntos_goles,mundial_puntos_victorias,mundial_puntos_fases,mundial_puntos_eliminacion,mundial_bonus_rival_fuerte,mundial_penalizacion_rival_debil,mundial_score_total,mundial_score_por_partido,mundial_metodologia_score,fuente_inpc,fuente_desempleo_mensual,fuente_desempleo_trimestral,fuente_presidentes_hitos,fuente_presidentes_enriquecida,fuente_mundiales_historico,fuente_mundial_2026,fuentes_disponibles_anio,notas_calidad_datos,president_original,party_original,sexenio_original,crisis_event_original,unemployment_pct_original,fdi_mxn,exports_mxn,imports_mxn,remittances_mxn,real_public_debt_internal_2018_mxn,real_public_debt_external_2018_mxn,domestic_investment_real_2018_mxn,fdi_real_2018_mxn,exports_real_2018_mxn,imports_real_2018_mxn,remittances_real_2018_mxn,investment_total_mxn,investment_total_real_2018_mxn,debt_per_capita_real_2018_mxn,dashboard_master_version,dashboard_merge_note
1990,734801827000.0,12545485659000.0,5.85710148632517,8.628371539833333,,0.0,82820170.0,8872.256927267837,151478.6272353703,407016120000.0,178418100000.0,228598020000.0,77770300000.0,55.39127762674983,4914.456466341472,,4717183516275.216,2.81259916666667,,48866118134.8639,51768004610.6821,-2901886475.818199,3098000000.0,2634000000.0,132113401828.66634,,,,,,,,,,Carlos Salinas de Gortari,PRI,1988-1994,,GDP_NOMINAL:WDI|GDP_REAL:INEGI_BASE2018|INPC:INEGI_BIE|DEBT:SHCP|FDI:WDI,Reservas internacionales sin fuente cargada.,2026-07-03_v1.0,2026-07-03,Carlos Salinas de Gortari,PRI,1988-1994,Carlos Salinas de Gortari,PRI,0,,0,0,8.628372,9.638214,,,,,,,1,14.0,Europa,Italia,Suspendido,0.0,0.0,Suspendido por FIFA,0.0,,,,,,,,,,,Suspendido,,,México fue suspendido por el caso de los Cachirules,0.0,2022-12-18,0,0.0,0.0,0,0.0,0.0,0.0,0.0,,(GF-GC) + 2*victorias + 3*fases_superadas + 4*victorias_KO + 0.3*victorias_rival_fuerte - 0.2*derrotas_rival_debil,indicadores_47_utf8.csv | https://www.inegi.org.mx/temas/inpc/,indicadores_29_utf8.csv | https://www.inegi.org.mx/temas/empleo/,tabulado_desempleo_trimestral_limpio_utf8.csv,presidentes_mexico_hitos.csv,https://www.diputados.gob.mx/sedia/sia/re/RE-ISS-06-06.pdf,https://www.fifa.com/en/tournaments/mens/worldcup/canadamexicousa2026/articles/mexico-team-profile-history | https://en.wikipedia.org/wiki/Mexico_at_the_FIFA_World_Cup | https://www.rsssf.org/tablesw/worldcup.html,,INPC | mundial_fifa | presidencia,,Carlos Salinas de Gortari,PRI,1988-1994,,,7408386205.000009,137440803144.35324,145602646628.0008,8713432218.333344,3046184199071.1704,3902920591929.605,2255610597445.123,126485535930.9838,2346566872116.563,2485916403667.337,148766966710.01816,139521788033.66635,2382096133376.107,56956.94075821404,2026-07-03_v4,Macro 1990-2026 + fuente consolidada fútbol/economía 1930-2026; mundial 2026 provisional y calificación futbolística integrada.
1991,945190132300.0,13044282247000.0,7.246011044550806,10.583764615783332,22.66236527857921,22.66236527857921,84430572.0,11194.880123517343,154497.1440795166,419665134000.0,174022600000.0,245642534000.0,79987800000.0,44.40007567353653,4970.5352464034,3.107742759672516,3965178263452.333,3.01843,,51459461044.3177,60602372094.1019,-9142911049.784197,3030000000.0,4762000000.0,177043822999.9999,3.145,,,,,,,,,Carlos Salinas de Gortari,PRI,1988-1994,,GDP_NOMINAL:WDI|GDP_REAL:INEGI_BASE2018|INPC:INEGI_BIE|DEBT:SHCP|FDI:WDI,Reservas internacionales sin fuente cargada.,2026-07-03_v1.0,2026-07-03,Carlos Salinas de Gortari,PRI,1988-1994,Carlos Salinas de Gortari,PRI,0,,0,0,10.583765,11.44968,18.794622,22.662365,,,,,0,,,,,,,,,,,,,,,,,,,,,,,,,0,0.0,0.0,0,0.0,0.0,0.0,,,(GF-GC) + 2*victorias + 3*fases_superadas + 4*victorias_KO + 0.3*victorias_rival_fuerte - 0.2*derrotas_rival_debil,indicadores_47_utf8.csv | https://www.inegi.org.mx/temas/inpc/,indicadores_29_utf8.csv | https://www.inegi.org.mx/temas/empleo/,tabulado_desempleo_trimestral_limpio_utf8.csv,presidentes_mexico_hitos.csv,https://www.diputados.gob.mx/sedia/sia/re/RE-ISS-06-06.pdf,https://www.fifa.com/en/tournaments/mens/worldcup/canadamexicousa2026/articles/mexico-team-profile-history | https://en.wikipedia.org/wiki/Mexico_at_the_FIFA_World_Cup | https://www.rsssf.org/tablesw/worldcup.html,,INPC | presidencia,,Carlos Salinas de Gortari,PRI,1988-1994,,3.145,14373763660.0,155326780999.99988,182924018000.0,9145842900.0,2401633104477.1133,3390038084260.5776,2443328086466.8516,198367951299.34912,2143617778733.7183,2524478873621.974,126219003031.71521,191417586659.9999,2641696037766.2007,46963.77354227013,2026-07-03_v4,Macro 1990-2026 + fuente consolidada fútbol/economía 1930-2026; mundial 2026 provisional y calificación futbolística integrada.
1992,1123936450800.0,13509782270000.0,8.319426829667181,12.225084129558333,15.507898874917704,41.68472084356343,86044809.0,13062.22262402837,157008.6845099511,393384850000.0,157377100000.0,236007750000.0,75755000000.0,35.0006310161037,4571.86034313819,-6.262203330906213,3217849839158.63,3.09489833333333,,55406062493.8205,73709242760.1814,-18303180266.360893,3700000000.0,4393000000.0,220545521753.66345,3.235,,,,,,,,,Carlos Salinas de Gortari,PRI,1988-1994,,GDP_NOMINAL:WDI|GDP_REAL:INEGI_BASE2018|INPC:INEGI_BIE|DEBT:SHCP|FDI:WDI,Reservas internacionales sin fuente cargada.,2026-07-03_v1.0,2026-07-03,Carlos Salinas de Gortari,PRI,1988-1994,Carlos Salinas de Gortari,PRI,0,,0,0,12.225084,12.816553,11.938095,15.507899,,,,,0,,,,,,,,,,,,,,,,,,,,,,,,,0,0.0,0.0,0,0.0,0.0,0.0,,,(GF-GC) + 2*victorias + 3*fases_superadas + 4*victorias_KO + 0.3*victorias_rival_fuerte - 0.2*derrotas_rival_debil,indicadores_47_utf8.csv | https://www.inegi.org.mx/temas/inpc/,indicadores_29_utf8.csv | https://www.inegi.org.mx/temas/empleo/,tabulado_desempleo_trimestral_limpio_utf8.csv,presidentes_mexico_hitos.csv,https://www.diputados.gob.mx/sedia/sia/re/RE-ISS-06-06.pdf,https://www.fifa.com/en/tournaments/mens/worldcup/canadamexicousa2026/articles/mexico-team-profile-history | https://en.wikipedia.org/wiki/Mexico_at_the_FIFA_World_Cup | https://www.rsssf.org/tablesw/worldcup.html,,INPC | presidencia,,Carlos Salinas de Gortari,PRI,1988-1994,,3.235,13595888378.333319,171476130468.6874,228122612569.74722,11451123833.33332,1891682001923.393,2836827041478.3066,2650970148174.0947,163423378277.09726,2061153177730.963,2742047225612.4556,137643182250.2299,234141410131.99677,2814393526451.192,37397.3732588404,2026-07-03_v4,Macro 1990-2026 + fuente consolidada fútbol/economía 1930-2026; mundial 2026 provisional y calificación futbolística integrada.
1993,1651777888000.0,13897107652000.0,11.885767379532997,13.417208363866663,9.751460371761066,55.501050249463816,87653807.0,18844.33710905449,158545.397258102,412681150000.0,168099600000.0,244581550000.0,78747000000.0,24.984058268250653,4708.080163591753,4.9051965270142,3075760164173.7544,3.11561666666667,,61477360984.9991,77229254751.1456,-15751893766.1465,3979000000.0,4389000000.0,331270878558.02094,3.365,,,,,,,,,Carlos Salinas de Gortari,PRI,1988-1994,,GDP_NOMINAL:WDI|GDP_REAL:INEGI_BASE2018|INPC:INEGI_BIE|DEBT:SHCP|FDI:WDI,Reservas internacionales sin fuente cargada.,2026-07-03_v1.0,2026-07-03,Carlos Salinas de Gortari,PRI,1988-1994,Carlos Salinas de Gortari,PRI,0,,0,0,13.417208,13.843055,8.009185,9.75146,,,,,0,,,,,,,,,,,,,,,,,,,,,,,,,0,0.0,0.0,0,0.0,0.0,0.0,,,(GF-GC) + 2*victorias + 3*fases_superadas + 4*victorias_KO + 0.3*victorias_rival_fuerte - 0.2*derrotas_rival_debil,indicadores_47_utf8.csv | https://www.inegi.org.mx/temas/inpc/,indicadores_29_utf8.csv | https://www.inegi.org.mx/temas/empleo/,tabulado_desempleo_trimestral_limpio_utf8.csv,presidentes_mexico_hitos.csv,https://www.diputados.gob.mx/sedia/sia/re/RE-ISS-06-06.pdf,https://www.fifa.com/en/tournaments/mens/worldcup/canadamexicousa2026/articles/mexico-team-profile-history | https://en.wikipedia.org/wiki/Mexico_at_the_FIFA_World_Cup | https://www.rsssf.org/tablesw/worldcup.html,,INPC | presidencia,,Carlos Salinas de Gortari,PRI,1988-1994,,3.365,13674441550.000015,191539890507.54648,240616753256.91534,12397038716.66668,1414293201543.4143,2057768271833.786,2787122345406.67,115048874114.32158,1611506303222.5713,2024410755936.9836,104301542515.58112,344945320108.02094,2902171219520.9917,35089.86397103955,2026-07-03_v4,Macro 1990-2026 + fuente consolidada fútbol/economía 1930-2026; mundial 2026 provisional y calificación futbolística integrada.
1994,1868526360000.0,14507764337000.0,12.879492088485254,14.351826042691668,6.9658132562208985,66.33296302130367,89259205.0,20933.710534392503,162535.21793074452,654981135000.0,200035500000.0,454945635000.0,85435800000.0,35.05335268591019,7337.96738386814,58.713606133936565,4563747728349.41,3.37511666666667,,70611769310.5158,90814853233.2361,-20203083922.720303,4121819824.0,10972500000.0,404839837017.2023,4.436,,,,,,,,,Carlos Salinas de Gortari,PRI,1988-1994,"Entrada en vigor del TLCAN; crisis política y financiera de fin de año | Entrada en vigor del TLCAN | Crisis política y financiera de fin de año (""error de diciembre"")",GDP_NOMINAL:WDI|GDP_REAL:INEGI_BASE2018|INPC:INEGI_BIE|DEBT:SHCP|FDI:WDI,Reservas internacionales sin fuente cargada.,2026-07-03_v1.0,2026-07-03,Carlos Salinas de Gortari,PRI,1988-1994,Ernesto Zedillo Ponce de León,PRI,1,"Entrada en vigor del TLCAN | Crisis política y financiera de fin de año (""error de diciembre"")",2,1,14.351826,14.819204,7.051547,6.965813,,,,,1,15.0,América del Norte,Estados Unidos,Participó,1.0,0.0,Octavos de final,3.0,13.0,4.0,1.0,2.0,1.0,4.0,4.0,0.0,41.6667,25.0,4 PJ | 1 G | 2 E | 1 P | GF 4 | GC 4,Bulgaria,,Empate 1-1; derrota 1-3 en penales,0.0,2022-12-18,1,0.0,2.0,3,0.0,0.0,-0.2,4.8,1.2,(GF-GC) + 2*victorias + 3*fases_superadas + 4*victorias_KO + 0.3*victorias_rival_fuerte - 0.2*derrotas_rival_debil,indicadores_47_utf8.csv | https://www.inegi.org.mx/temas/inpc/,indicadores_29_utf8.csv | https://www.inegi.org.mx/temas/empleo/,tabulado_desempleo_trimestral_limpio_utf8.csv,presidentes_mexico_hitos.csv,https://www.diputados.gob.mx/sedia/sia/re/RE-ISS-06-06.pdf,https://www.fifa.com/en/tournaments/mens/worldcup/canadamexicousa2026/articles/mexico-team-profile-history | https://en.wikipedia.org/wiki/Mexico_at_the_FIFA_World_Cup | https://www.rsssf.org/tablesw/worldcup.html,,INPC | hitos | mundial_fifa | presidencia,,Carlos Salinas de Gortari,PRI,1988-1994,Entrada en vigor del TLCAN; crisis política y financiera de fin de año,4.436,37033467625.00004,238322959462.74393,306510724728.3827,13911622784.97948,1553131898569.5034,3532325901319.807,3143290389371.365,287538261373.7489,1850406505360.67,2379835498345.581,108013753099.91449,441873304642.20233,3430828650745.1143,51129.15500815193,2026-07-03_v4,Macro 1990-2026 + fuente consolidada fútbol/economía 1930-2026; mundial 2026 provisional y calificación futbolística integrada.
1995,2440392366000.0,13650311997000.0,17.87792371732117,19.37485942785,34.999263300827124,124.54827470519714,90862455.0,26858.09409397974,150230.49946207154,954123602000.0,182737800000.0,771385802000.0,100933700000.0,39.0971392671534,10500.746452426363,45.67192106990989,4924544642778.2295,6.419425,,86926529245.2206,79072391841.9485,7854137403.272095,4368120000.0,9526290000.0,395676190999.9997,7.095,,,,,,,,,Ernesto Zedillo Ponce de León,PRI,1994-2000,Crisis del peso/efecto Tequila | Crisis del peso / efecto Tequila,GDP_NOMINAL:WDI|GDP_REAL:INEGI_BASE2018|INPC:INEGI_BIE|DEBT:SHCP|FDI:WDI,Reservas internacionales sin fuente cargada.,2026-07-03_v1.0,2026-07-03,Ernesto Zedillo Ponce de León,PRI,1994-2000,Ernesto Zedillo Ponce de León,PRI,0,Crisis del peso / efecto Tequila,1,1,19.374859,22.520167,51.966102,34.999263,,,,,0,,,,,,,,,,,,,,,,,,,,,,,,,0,0.0,0.0,0,0.0,0.0,0.0,,,(GF-GC) + 2*victorias + 3*fases_superadas + 4*victorias_KO + 0.3*victorias_rival_fuerte - 0.2*derrotas_rival_debil,indicadores_47_utf8.csv | https://www.inegi.org.mx/temas/inpc/,indicadores_29_utf8.csv | https://www.inegi.org.mx/temas/empleo/,tabulado_desempleo_trimestral_limpio_utf8.csv,presidentes_mexico_hitos.csv,https://www.diputados.gob.mx/sedia/sia/re/RE-ISS-06-06.pdf,https://www.fifa.com/en/tournaments/mens/worldcup/canadamexicousa2026/articles/mexico-team-profile-history | https://en.wikipedia.org/wiki/Mexico_at_the_FIFA_World_Cup | https://www.rsssf.org/tablesw/worldcup.html,,INPC | hitos | presidencia,,Ernesto Zedillo,PRI,1994-2000,Crisis del peso/efecto Tequila,7.095,61153304183.25,558018335000.0002,507599289000.0003,28040818731.0,1022142184346.3456,4314739307521.6934,2213211093504.363,342060438058.5936,3121270365749.238,2839251900981.145,156846058716.72015,456829495183.2497,2555271531562.9565,54197.79426803105,2026-07-03_v4,Macro 1990-2026 + fuente consolidada fútbol/economía 1930-2026; mundial 2026 provisional y calificación futbolística integrada.
1996,3284161831000.0,14499128957000.0,22.650752612379847,26.035623054525,34.37838427411049,201.74434346423507,92452702.0,35522.615996663895,156827.53065453944,986498881000.0,214877100000.0,771621781000.0,98284500000.0,30.038071561766472,10670.308813689404,3.3931954866367464,3789035042234.359,7.59944841666667,,106842978990.053,99589465576.9735,7253513413.079498,4949000000.0,9185600000.0,581788429898.6106,5.465,,,,,,,,,Ernesto Zedillo Ponce de León,PRI,1994-2000,,GDP_NOMINAL:WDI|GDP_REAL:INEGI_BASE2018|INPC:INEGI_BIE|DEBT:SHCP|FDI:WDI,Reservas internacionales sin fuente cargada.,2026-07-03_v1.0,2026-07-03,Ernesto Zedillo Ponce de León,PRI,1994-2000,Ernesto Zedillo Ponce de León,PRI,0,,0,0,26.035623,28.759336,27.704808,34.378384,,,,,0,,,,,,,,,,,,,,,,,,,,,,,,,0,0.0,0.0,0,0.0,0.0,0.0,,,(GF-GC) + 2*victorias + 3*fases_superadas + 4*victorias_KO + 0.3*victorias_rival_fuerte - 0.2*derrotas_rival_debil,indicadores_47_utf8.csv | https://www.inegi.org.mx/temas/inpc/,indicadores_29_utf8.csv | https://www.inegi.org.mx/temas/empleo/,tabulado_desempleo_trimestral_limpio_utf8.csv,presidentes_mexico_hitos.csv,https://www.diputados.gob.mx/sedia/sia/re/RE-ISS-06-06.pdf,https://www.fifa.com/en/tournaments/mens/worldcup/canadamexicousa2026/articles/mexico-team-profile-history | https://en.wikipedia.org/wiki/Mexico_at_the_FIFA_World_Cup | https://www.rsssf.org/tablesw/worldcup.html,,INPC | presidencia,,Ernesto Zedillo,PRI,1994-2000,,5.465,69805493376.13336,811947707517.9084,756825006495.6111,37609670214.08335,948653246438.0817,3406605485498.3823,2568516993031.976,308181783496.1516,3584638980490.81,3341279733380.5405,166041591896.27835,651593923274.7439,2876698776528.128,40983.49707761228,2026-07-03_v4,Macro 1990-2026 + fuente consolidada fútbol/economía 1930-2026; mundial 2026 provisional y calificación futbolística integrada.
1997,4144914169000.0,15542903293000.0,26.667567126064085,31.40563371098333,20.625627607267983,263.9810080731638,94021207.0,44084.88575348751,165312.73942271344,1019564856000.0,305638100000.0,713926756000.0,88321200000.0,24.597972706536883,10843.988165350824,3.3518512424952185,3246439366206.5566,7.91846,,121731183209.867,121630321173.562,100862036.30500792,5545800000.0,12829800000.0,803897782000.0017,4.235,,,,,,,,,Ernesto Zedillo Ponce de León,PRI,1994-2000,,GDP_NOMINAL:WDI|GDP_REAL:INEGI_BASE2018|INPC:INEGI_BIE|DEBT:SHCP|FDI:WDI,Reservas internacionales sin fuente cargada.,2026-07-03_v1.0,2026-07-03,Ernesto Zedillo Ponce de León,PRI,1994-2000,Ernesto Zedillo Ponce de León,PRI,0,,0,0,31.405634,33.279875,15.718506,20.625628,,,,,0,,,,,,,,,,,,,,,,,,,,,,,,,0,0.0,0.0,0,0.0,0.0,0.0,,,(GF-GC) + 2*victorias + 3*fases_superadas + 4*victorias_KO + 0.3*victorias_rival_fuerte - 0.2*derrotas_rival_debil,indicadores_47_utf8.csv | https://www.inegi.org.mx/temas/inpc/,indicadores_29_utf8.csv | https://www.inegi.org.mx/temas/empleo/,tabulado_desempleo_trimestral_limpio_utf8.csv,presidentes_mexico_hitos.csv,https://www.diputados.gob.mx/sedia/sia/re/RE-ISS-06-06.pdf,https://www.fifa.com/en/tournaments/mens/worldcup/canadamexicousa2026/articles/mexico-team-profile-history | https://en.wikipedia.org/wiki/Mexico_at_the_FIFA_World_Cup | https://www.rsssf.org/tablesw/worldcup.html,,INPC | presidencia,,Ernesto Zedillo,PRI,1994-2000,,4.235,101592258108.0,963923505000.0034,963124833000.0037,43914195468.0,1146104174239.7207,2677134935575.8413,3014514890690.182,380958104006.0709,3614591089030.74,3611596170160.8477,164672672465.42178,905490040108.0017,3395472994696.253,34528.7990847273,2026-07-03_v4,Macro 1990-2026 + fuente consolidada fútbol/economía 1930-2026; mundial 2026 provisional y calificación futbolística integrada.
1998,5092988047000.0,16504244132000.0,30.858656756810998,36.4080462725,15.92839236282375,321.95733116521853,95575245.0,53287.7320586518,172683.25215383962,1316941543000.0,406456300000.0,910485243000.0,92294500000.0,25.85793508342785,13779.107163157154,29.16702015080048,3617171690958.661,9.13604175,,129452220228.41,138306850712.814,-8854630484.403992,6501246000.0,12756764558.0,1070309516711.8916,3.733,,,,,,,,,Ernesto Zedillo Ponce de León,PRI,1994-2000,,GDP_NOMINAL:WDI|GDP_REAL:INEGI_BASE2018|INPC:INEGI_BIE|DEBT:SHCP|FDI:WDI,Reservas internacionales sin fuente cargada.,2026-07-03_v1.0,2026-07-03,Ernesto Zedillo Ponce de León,PRI,1994-2000,Ernesto Zedillo Ponce de León,PRI,0,,0,0,36.408046,39.472974,18.609144,15.928392,,,,,1,16.0,Europa,Francia,Participó,1.0,0.0,Octavos de final,3.0,13.0,4.0,1.0,2.0,1.0,8.0,7.0,1.0,41.6667,25.0,4 PJ | 1 G | 2 E | 1 P | GF 8 | GC 7,Alemania,,Derrota 1-2 en octavos,0.0,2022-12-18,1,1.0,2.0,3,0.0,0.0,0.0,6.0,1.5,(GF-GC) + 2*victorias + 3*fases_superadas + 4*victorias_KO + 0.3*victorias_rival_fuerte - 0.2*derrotas_rival_debil,indicadores_47_utf8.csv | https://www.inegi.org.mx/temas/inpc/,indicadores_29_utf8.csv | https://www.inegi.org.mx/temas/empleo/,tabulado_desempleo_trimestral_limpio_utf8.csv,presidentes_mexico_hitos.csv,https://www.diputados.gob.mx/sedia/sia/re/RE-ISS-06-06.pdf,https://www.fifa.com/en/tournaments/mens/worldcup/canadamexicousa2026/articles/mexico-team-profile-history | https://en.wikipedia.org/wiki/Mexico_at_the_FIFA_World_Cup | https://www.rsssf.org/tablesw/worldcup.html,,INPC | mundial_fifa | presidencia,,Ernesto Zedillo,PRI,1994-2000,,3.733,116546333596.8083,1182680888636.9485,1263577162423.286,59395654883.0205,1317154869063.7307,2950501864599.2793,3468425489633.9814,377677922001.8534,3832574107023.994,4094725095720.1636,192476475405.59564,1186855850308.7,3846103411635.835,37846.32402416192,2026-07-03_v4,Macro 1990-2026 + fuente consolidada fútbol/economía 1930-2026; mundial 2026 provisional y calificación futbolística integrada.
1999,6034995116000.0,16958941074000.0,35.58591948439717,42.44654618745,16.5856192055849,391.94156732233057,97115707.0,62142.3176788488,174626.14028027412,1424731090000.0,546661100000.0,878069990000.0,92289500000.0,23.60782507052488,14670.44965239248,8.184839150449674,3356530078344.147,9.5603975,,147818774071.958,155258243955.952,-7439469883.993988,6648625182.0,13941043232.0,1261254997037.521,2.598,,,,,,,,,Ernesto Zedillo Ponce de León,PRI,1994-2000,,GDP_NOMINAL:WDI|GDP_REAL:INEGI_BASE2018|INPC:INEGI_BIE|DEBT:SHCP|FDI:WDI,Reservas internacionales sin fuente cargada.,2026-07-03_v1.0,2026-07-03,Ernesto Zedillo Ponce de León,PRI,1994-2000,Ernesto Zedillo Ponce de León,PRI,0,,0,0,42.446546,44.335516,12.318661,16.585619,,,,,0,,,,,,,,,,,,,,,,,,,,,,,,,0,0.0,0.0,0,0.0,0.0,0.0,,,(GF-GC) + 2*victorias + 3*fases_superadas + 4*victorias_KO + 0.3*victorias_rival_fuerte - 0.2*derrotas_rival_debil,indicadores_47_utf8.csv | https://www.inegi.org.mx/temas/inpc/,indicadores_29_utf8.csv | https://www.inegi.org.mx/temas/empleo/,tabulado_desempleo_trimestral_limpio_utf8.csv,presidentes_mexico_hitos.csv,https://www.diputados.gob.mx/sedia/sia/re/RE-ISS-06-06.pdf,https://www.fifa.com/en/tournaments/mens/worldcup/canadamexicousa2026/articles/mexico-team-profile-history | https://en.wikipedia.org/wiki/Mexico_at_the_FIFA_World_Cup | https://www.rsssf.org/tablesw/worldcup.html,,INPC | presidencia,,Ernesto Zedillo,PRI,1994-2000,,2.598,133281914862.60472,1413206238090.6123,1484330527370.8735,63563499568.42985,1536172474733.1213,2467464667830.192,3544252938554.8823,374535537633.2003,3971251153732.9814,4171117534343.0034,178619803813.97647,1394536911900.1257,3918788476188.0825,34562.17518288928,2026-07-03_v4,Macro 1990-2026 + fuente consolidada fútbol/economía 1930-2026; mundial 2026 provisional y calificación futbolística integrada.
2000,7016603943000.0,17811854385000.0,39.39288852994965,46.47538555588333,9.491559927258608,438.6344959918249,98625552.0,71143.87499701903,180600.8080441466,1521856734000.0,712046700000.0,809810034000.0,84600200000.0,21.689363492124357,15430.653650486032,6.817121117220792,3274543536965.5537,9.45555833333333,,179810168051.425,190555678046.711,-10745509995.28601,7524742980.0,18382284821.0,1489650435514.101,2.646,,,,,,,,,Ernesto Zedillo Ponce de León,PRI,1994-2000,,GDP_NOMINAL:WDI|GDP_REAL:INEGI_BASE2018|INPC:INEGI_BIE|DEBT:SHCP|FDI:WDI,Reservas internacionales sin fuente cargada.,2026-07-03_v1.0,2026-07-03,Ernesto Zedillo Ponce de León,PRI,1994-2000,Vicente Fox Quesada,PAN,1,,0,0,46.475386,48.307671,8.959306,9.49156,,,,,0,,,,,,,,,,,,,,,,,,,,,,,,,0,0.0,0.0,0,0.0,0.0,0.0,,,(GF-GC) + 2*victorias + 3*fases_superadas + 4*victorias_KO + 0.3*victorias_rival_fuerte - 0.2*derrotas_rival_debil,indicadores_47_utf8.csv | https://www.inegi.org.mx/temas/inpc/,indicadores_29_utf8.csv | https://www.inegi.org.mx/temas/empleo/,tabulado_desempleo_trimestral_limpio_utf8.csv,presidentes_mexico_hitos.csv,https://www.diputados.gob.mx/sedia/sia/re/RE-ISS-06-06.pdf,https://www.fifa.com/en/tournaments/mens/worldcup/canadamexicousa2026/articles/mexico-team-profile-history | https://en.wikipedia.org/wiki/Mexico_at_the_FIFA_World_Cup | https://www.rsssf.org/tablesw/worldcup.html,,INPC | presidencia,,Ernesto Zedillo,PRI,1994-2000,,2.646,173814766424.91333,1700205532936.7183,1801810329518.5613,71150646190.73048,1807551379378.145,2055726462872.3967,3781521211326.1226,441233869643.1599,4316021486071.236,4573948234714.191,180617996917.47922,1663465201939.0144,4222755080969.282,33201.77652304094,2026-07-03_v4,Macro 1990-2026 + fuente consolidada fútbol/economía 1930-2026; mundial 2026 provisional y calificación futbolística integrada.
2001,7437107659000.0,17731550483000.0,41.94279381337957,49.43481573126667,6.36773668466899,472.9333223893782,100099099.0,74297.44856145009,177139.96090014756,1537223068000.0,802738000000.0,734485068000.0,80339200000.0,20.66963581117093,15357.012034643789,1.0097096301313169,3109596031178.757,9.34234166666667,,171481946818.046,184678218802.095,-13196271984.049011,10146263000.0,30060020323.0,1463134602795.5803,2.627,,,,,,,,,Vicente Fox Quesada,PAN,2000-2006,,GDP_NOMINAL:WDI|GDP_REAL:INEGI_BASE2018|INPC:INEGI_BIE|DEBT:SHCP|FDI:WDI,Reservas internacionales sin fuente cargada.,2026-07-03_v1.0,2026-07-03,Vicente Fox Quesada,PAN,2000-2006,Vicente Fox Quesada,PAN,0,,0,0,49.434816,50.434899,4.403499,6.367737,,,,,0,,,,,,,,,,,,,,,,,,,,,,,,,0,0.0,0.0,0,0.0,0.0,0.0,,,(GF-GC) + 2*victorias + 3*fases_superadas + 4*victorias_KO + 0.3*victorias_rival_fuerte - 0.2*derrotas_rival_debil,indicadores_47_utf8.csv | https://www.inegi.org.mx/temas/inpc/,indicadores_29_utf8.csv | https://www.inegi.org.mx/temas/empleo/,tabulado_desempleo_trimestral_limpio_utf8.csv,presidentes_mexico_hitos.csv,https://www.diputados.gob.mx/sedia/sia/re/RE-ISS-06-06.pdf,https://www.fifa.com/en/tournaments/mens/worldcup/canadamexicousa2026/articles/mexico-team-profile-history | https://en.wikipedia.org/wiki/Mexico_at_the_FIFA_World_Cup | https://www.rsssf.org/tablesw/worldcup.html,,INPC | presidencia,,Vicente Fox,PAN,2000-2006,,2.627,280830980364.4098,1602042936839.3489,1725327018440.5962,94789855585.85837,1913887767161.3997,1751159141348.6204,3488405205684.812,669557163058.6656,3819590425872.6416,4113524306743.3057,225997953325.70526,1743965583159.9902,4157962368743.4775,31065.175033980642,2026-07-03_v4,Macro 1990-2026 + fuente consolidada fútbol/economía 1930-2026; mundial 2026 provisional y calificación futbolística integrada.
2002,7827757972000.0,17689599761000.0,44.25062227387272,51.921749089600006,5.0307325344400855,501.7560654394692,101548624.0,77083.84086031535,174198.3206094452,1763055256000.0,950243600000.0,812811656000.0,78818100000.0,22.52311916523829,17361.68533411147,14.690918494595472,3395600662368.946,9.65595833333333,,177144829751.745,189355937339.413,-12211107587.668,11029448100.0,20160111120.0,1516074815336.4148,3.003,,,,,,,,,Vicente Fox Quesada,PAN,2000-2006,,GDP_NOMINAL:WDI|GDP_REAL:INEGI_BASE2018|INPC:INEGI_BIE|DEBT:SHCP|FDI:WDI,Reservas internacionales sin fuente cargada.,2026-07-03_v1.0,2026-07-03,Vicente Fox Quesada,PAN,2000-2006,Vicente Fox Quesada,PAN,0,,0,0,51.921749,53.30993,5.700479,5.030733,,,,,1,17.0,Asia,Corea del Sur / Japón,Participó,1.0,0.0,Octavos de final,3.0,11.0,4.0,2.0,1.0,1.0,4.0,4.0,0.0,58.3333,50.0,4 PJ | 2 G | 1 E | 1 P | GF 4 | GC 4,Estados Unidos,,Derrota 0-2 en octavos,0.0,2022-12-18,1,0.0,4.0,3,0.0,0.0,0.0,7.0,1.75,(GF-GC) + 2*victorias + 3*fases_superadas + 4*victorias_KO + 0.3*victorias_rival_fuerte - 0.2*derrotas_rival_debil,indicadores_47_utf8.csv | https://www.inegi.org.mx/temas/inpc/,indicadores_29_utf8.csv | https://www.inegi.org.mx/temas/empleo/,tabulado_desempleo_trimestral_limpio_utf8.csv,presidentes_mexico_hitos.csv,https://www.diputados.gob.mx/sedia/sia/re/RE-ISS-06-06.pdf,https://www.fifa.com/en/tournaments/mens/worldcup/canadamexicousa2026/articles/mexico-team-profile-history | https://en.wikipedia.org/wiki/Mexico_at_the_FIFA_World_Cup | https://www.rsssf.org/tablesw/worldcup.html,,INPC | mundial_fifa | presidencia,,Vicente Fox,PAN,2000-2006,,3.003,194665192970.08994,1710503095048.2761,1828413041118.649,106499891293.26247,2147412965446.7268,1836836668577.01,3426109594466.797,439915153656.55725,3865489358458.6343,4131948766284.8413,240674335909.04352,1710740008306.5046,3866024748123.354,33438.175020165174,2026-07-03_v4,Macro 1990-2026 + fuente consolidada fútbol/economía 1930-2026; mundial 2026 provisional y calificación futbolística integrada.
2003,8259533149000.0,17899317905000.0,46.1444016628856,54.28257803058333,4.54689794234262,529.1172995968584,102978515.0,80206.37264967358,173816.04216180433,1974049346000.0,1086141300000.0,887908046000.0,79023500000.0,23.90025332411194,19169.526245353216,11.967525650823951,3636616788701.159,10.7890191666667,,181095388468.59,191730637234.025,-10635248765.434998,16653686411.0,18157929031.0,1660499981651.087,3.455,,,,,,,,,Vicente Fox Quesada,PAN,2000-2006,,GDP_NOMINAL:WDI|GDP_REAL:INEGI_BASE2018|INPC:INEGI_BIE|DEBT:SHCP|FDI:WDI,Reservas internacionales sin fuente cargada.,2026-07-03_v1.0,2026-07-03,Vicente Fox Quesada,PAN,2000-2006,Vicente Fox Quesada,PAN,0,,0,0,54.282578,55.429811,3.976522,4.546898,,,,,0,,,,,,,,,,,,,,,,,,,,,,,,,0,0.0,0.0,0,0.0,0.0,0.0,,,(GF-GC) + 2*victorias + 3*fases_superadas + 4*victorias_KO + 0.3*victorias_rival_fuerte - 0.2*derrotas_rival_debil,indicadores_47_utf8.csv | https://www.inegi.org.mx/temas/inpc/,indicadores_29_utf8.csv | https://www.inegi.org.mx/temas/empleo/,tabulado_desempleo_trimestral_limpio_utf8.csv,presidentes_mexico_hitos.csv,https://www.diputados.gob.mx/sedia/sia/re/RE-ISS-06-06.pdf,https://www.fifa.com/en/tournaments/mens/worldcup/canadamexicousa2026/articles/mexico-team-profile-history | https://en.wikipedia.org/wiki/Mexico_at_the_FIFA_World_Cup | https://www.rsssf.org/tablesw/worldcup.html,,INPC | presidencia,,Vicente Fox,PAN,2000-2006,,3.455,195906244342.4327,1953841617182.569,2068585519955.1157,179676941883.93576,2353787807099.4565,1924194515483.6697,3598486320793.804,424550405428.7089,4234189948884.012,4482852622225.894,389379719768.80505,1856406225993.5195,4023036726222.513,35314.32540759749,2026-07-03_v4,Macro 1990-2026 + fuente consolidada fútbol/economía 1930-2026; mundial 2026 provisional y calificación futbolística integrada.
2004,9248389798000.0,18537507526000.0,49.89014723273105,56.82756629784166,4.688407145704221,558.6128800260188,104394131.0,88591.08945501926,177572.3151141514,2073774192000.0,1181311400000.0,892462792000.0,79225800000.0,22.42308377236069,19864.85420334597,5.051790939374024,3649239844499.1353,11.2859666666667,,205711767188.403,220739895659.805,-15028128471.401978,19861747959.0,25142732841.0,1921899247236.3196,3.937,,,,,,,,,Vicente Fox Quesada,PAN,2000-2006,,GDP_NOMINAL:WDI|GDP_REAL:INEGI_BASE2018|INPC:INEGI_BIE|DEBT:SHCP|FDI:WDI,Reservas internacionales sin fuente cargada.,2026-07-03_v1.0,2026-07-03,Vicente Fox Quesada,PAN,2000-2006,Vicente Fox Quesada,PAN,0,,0,0,56.827566,58.307088,5.190848,4.688407,,,,,0,,,,,,,,,,,,,,,,,,,,,,,,,0,0.0,0.0,0,0.0,0.0,0.0,,,(GF-GC) + 2*victorias + 3*fases_superadas + 4*victorias_KO + 0.3*victorias_rival_fuerte - 0.2*derrotas_rival_debil,indicadores_47_utf8.csv | https://www.inegi.org.mx/temas/inpc/,indicadores_29_utf8.csv | https://www.inegi.org.mx/temas/empleo/,tabulado_desempleo_trimestral_limpio_utf8.csv,presidentes_mexico_hitos.csv,https://www.diputados.gob.mx/sedia/sia/re/RE-ISS-06-06.pdf,https://www.fifa.com/en/tournaments/mens/worldcup/canadamexicousa2026/articles/mexico-team-profile-history | https://en.wikipedia.org/wiki/Mexico_at_the_FIFA_World_Cup | https://www.rsssf.org/tablesw/worldcup.html,,INPC | presidencia,,Vicente Fox,PAN,2000-2006,,3.937,283760044752.4321,2321656147429.417,2491263104420.0444,224159025407.00937,2367825042666.9136,1788855799195.735,3852262127571.822,568769708032.186,4653536371819.455,4993497198552.303,449305199203.6356,2205659291988.752,4421031835604.008,34956.36976468663,2026-07-03_v4,Macro 1990-2026 + fuente consolidada fútbol/economía 1930-2026; mundial 2026 provisional y calificación futbolística integrada.
2005,9999598961000.0,18929250871000.0,52.82617378334602,59.09388415632501,3.988060735533239,584.8787616935011,105811504.0,94503.89213823102,178895.9626828478,2111906459000.0,1339420200000.0,772486259000.0,71674500000.0,21.119911580822045,19959.13846002983,1.8387858787664912,3573815614172.9194,10.8978916666667,,233862215738.603,248437817056.73,-14575601318.127014,22741840918.0,25161667683.0,2070951851655.8892,3.558,,,,,,,,,Vicente Fox Quesada,PAN,2000-2006,,GDP_NOMINAL:WDI|GDP_REAL:INEGI_BASE2018|INPC:INEGI_BIE|DEBT:SHCP|FDI:WDI,Reservas internacionales sin fuente cargada.,2026-07-03_v1.0,2026-07-03,Vicente Fox Quesada,PAN,2000-2006,Vicente Fox Quesada,PAN,0,,0,0,59.093884,60.250312,3.332741,3.988061,,,,,0,,,,,,,,,,,,,,,,,,,,,,,,,0,0.0,0.0,0,0.0,0.0,0.0,,,(GF-GC) + 2*victorias + 3*fases_superadas + 4*victorias_KO + 0.3*victorias_rival_fuerte - 0.2*derrotas_rival_debil,indicadores_47_utf8.csv | https://www.inegi.org.mx/temas/inpc/,indicadores_29_utf8.csv | https://www.inegi.org.mx/temas/empleo/,tabulado_desempleo_trimestral_limpio_utf8.csv,presidentes_mexico_hitos.csv,https://www.diputados.gob.mx/sedia/sia/re/RE-ISS-06-06.pdf,https://www.fifa.com/en/tournaments/mens/worldcup/canadamexicousa2026/articles/mexico-team-profile-history | https://en.wikipedia.org/wiki/Mexico_at_the_FIFA_World_Cup | https://www.rsssf.org/tablesw/worldcup.html,,INPC | presidencia,,Vicente Fox,PAN,2000-2006,,3.558,274209128562.0025,2548605092045.9316,2707448416187.4043,247838118624.93198,2535523783140.746,1462317263726.441,3920313934053.6104,519078155625.28906,4824511997591.249,5125202569641.632,469157807342.58936,2345160980217.8916,4439392089678.899,33775.30305374848,2026-07-03_v4,Macro 1990-2026 + fuente consolidada fútbol/economía 1930-2026; mundial 2026 provisional y calificación futbolística integrada.
2006,11120115770000.0,19838803936000.0,56.052349757946615,61.238674950475,3.629463225798868,609.7361844904733,107253666.0,103680.51913488904,184970.8702358016,2337319710000.0,1741407600000.0,595912110000.0,54766300000.0,21.01884331371489,21792.44586380852,10.67344862928894,3816737889724.49,10.8992416666667,,270928816792.948,284933176453.922,-14004359660.974,26542811527.0,21236701993.012047,2410835263269.028,3.564576,,,,,,,,,Vicente Fox Quesada,PAN,2000-2006,,GDP_NOMINAL:WDI|GDP_REAL:INEGI_BASE2018|INPC:INEGI_BIE|DEBT:SHCP|FDI:LOCAL_FILE,Reservas internacionales sin fuente cargada.,2026-07-03_v1.0,2026-07-03,Vicente Fox Quesada,PAN,2000-2006,Felipe Calderón Hinojosa,PAN,1,,0,0,61.238675,62.692424,4.053276,3.629463,3.564576,3.844989,3.844989,,1,18.0,Europa,Alemania,Participó,1.0,0.0,Octavos de final,3.0,15.0,4.0,1.0,1.0,2.0,5.0,5.0,0.0,33.3333,25.0,4 PJ | 1 G | 1 E | 2 P | GF 5 | GC 5,Argentina,,Derrota 1-2 en tiempo extra,0.0,2022-12-18,1,0.0,2.0,3,0.0,0.0,0.0,5.0,1.25,(GF-GC) + 2*victorias + 3*fases_superadas + 4*victorias_KO + 0.3*victorias_rival_fuerte - 0.2*derrotas_rival_debil,indicadores_47_utf8.csv | https://www.inegi.org.mx/temas/inpc/,indicadores_29_utf8.csv | https://www.inegi.org.mx/temas/empleo/,tabulado_desempleo_trimestral_limpio_utf8.csv,presidentes_mexico_hitos.csv,https://www.diputados.gob.mx/sedia/sia/re/RE-ISS-06-06.pdf,https://www.fifa.com/en/tournaments/mens/worldcup/canadamexicousa2026/articles/mexico-team-profile-history | https://en.wikipedia.org/wiki/Mexico_at_the_FIFA_World_Cup | https://www.rsssf.org/tablesw/worldcup.html,,INPC | desempleo_mensual | mundial_fifa | presidencia,,Vicente Fox,PAN,2000-2006,,3.566,231463947224.82065,2952918648690.4077,3105555549022.2817,289296517345.5596,3106752183485.6143,1063134931137.328,4301042282223.397,412942451519.6273,5268144264142.59,5540455596300.8545,516118447477.83405,2642299210493.8486,4713984733743.024,35586.08327406254,2026-07-03_v4,Macro 1990-2026 + fuente consolidada fútbol/economía 1930-2026; mundial 2026 provisional y calificación futbolística integrada.
2007,12046753156000.0,20251027288000.0,59.48712124415759,63.66792110060833,3.9668496290912847,637.8903516924603,108774360.0,110749.93367922369,186174.63975885493,2559489714000.0,1957992300000.0,601497414000.0,55354900000.0,21.246303305594186,23530.266820232267,9.505332242288755,4020061704159.436,10.9281916666667,,295222517228.833,313922896028.913,-18700378800.080017,27516981140.0,32393536491.675865,2693037352856.577,3.652033,,,,,,,,,Felipe Calderón Hinojosa,PAN,2006-2012,,GDP_NOMINAL:WDI|GDP_REAL:INEGI_BASE2018|INPC:INEGI_BIE|DEBT:SHCP|FDI:LOCAL_FILE,Reservas internacionales sin fuente cargada.,2026-07-03_v1.0,2026-07-03,Felipe Calderón Hinojosa,PAN,2006-2012,Felipe Calderón Hinojosa,PAN,0,,0,0,63.667921,65.049056,3.759038,3.96685,3.652033,3.658394,3.658394,,0,,,,,,,,,,,,,,,,,,,,,,,,,0,0.0,0.0,0,0.0,0.0,0.0,,,(GF-GC) + 2*victorias + 3*fases_superadas + 4*victorias_KO + 0.3*victorias_rival_fuerte - 0.2*derrotas_rival_debil,indicadores_47_utf8.csv | https://www.inegi.org.mx/temas/inpc/,indicadores_29_utf8.csv | https://www.inegi.org.mx/temas/empleo/,tabulado_desempleo_trimestral_limpio_utf8.csv,presidentes_mexico_hitos.csv,https://www.diputados.gob.mx/sedia/sia/re/RE-ISS-06-06.pdf,https://www.fifa.com/en/tournaments/mens/worldcup/canadamexicousa2026/articles/mexico-team-profile-history | https://en.wikipedia.org/wiki/Mexico_at_the_FIFA_World_Cup | https://www.rsssf.org/tablesw/worldcup.html,,INPC | desempleo_mensual | presidencia,,Felipe Calderón,PAN,2006-2012,,3.628,354002775542.19586,3226248252592.4995,3430609576359.0444,300710843985.9728,3291455795891.7876,1011138884215.3374,4527093085919.111,595091455323.9766,5423439872557.893,5766978641105.405,505505793013.14984,3047040128398.773,5122184541243.088,36957.80608738527,2026-07-03_v4,Macro 1990-2026 + fuente consolidada fútbol/economía 1930-2026; mundial 2026 provisional y calificación futbolística integrada.
2008,12927761290000.0,20442061681000.0,63.24098562923224,66.930890400775,5.124981692131114,675.7070971247009,110374288.0,117126.56565449374,185206.7365635011,3269548871000.0,2498688900000.0,770859971000.0,56939200000.0,25.290913079661298,29622.377912870437,27.742215689169992,4884962461162.987,11.1297166666667,,313852456086.709,340860425741.283,-27007969654.57404,27081720166.0,29503692882.722248,3045673679782.5376,3.900215,,,,,,,,,Felipe Calderón Hinojosa,PAN,2006-2012,Crisis financiera global,GDP_NOMINAL:WDI|GDP_REAL:INEGI_BASE2018|INPC:INEGI_BIE|DEBT:SHCP|FDI:LOCAL_FILE,Reservas internacionales sin fuente cargada.,2026-07-03_v1.0,2026-07-03,Felipe Calderón Hinojosa,PAN,2006-2012,Felipe Calderón Hinojosa,PAN,0,Crisis financiera global,1,1,66.93089,69.295552,6.528145,5.124982,3.900215,4.508947,4.508947,,0,,,,,,,,,,,,,,,,,,,,,,,,,0,0.0,0.0,0,0.0,0.0,0.0,,,(GF-GC) + 2*victorias + 3*fases_superadas + 4*victorias_KO + 0.3*victorias_rival_fuerte - 0.2*derrotas_rival_debil,indicadores_47_utf8.csv | https://www.inegi.org.mx/temas/inpc/,indicadores_29_utf8.csv | https://www.inegi.org.mx/temas/empleo/,tabulado_desempleo_trimestral_limpio_utf8.csv,presidentes_mexico_hitos.csv,https://www.diputados.gob.mx/sedia/sia/re/RE-ISS-06-06.pdf,https://www.fifa.com/en/tournaments/mens/worldcup/canadamexicousa2026/articles/mexico-team-profile-history | https://en.wikipedia.org/wiki/Mexico_at_the_FIFA_World_Cup | https://www.rsssf.org/tablesw/worldcup.html,,INPC | desempleo_mensual | hitos | presidencia,,Felipe Calderón,PAN,2006-2012,Crisis financiera global,3.874,328367742405.0495,3493088911382.524,3793679961379.8647,301411872293.5339,3951059388367.6235,1218924663064.8354,4815980727496.313,519232486872.0361,5523457417096.127,5998767924999.402,476608435644.3214,3374041422187.587,5335213214368.35,44258.1560404991,2026-07-03_v4,Macro 1990-2026 + fuente consolidada fútbol/economía 1930-2026; mundial 2026 provisional y calificación futbolística integrada.
2009,12749117921000.0,19155182679000.0,66.55701558501435,70.47645869328333,5.297357126549263,716.7990723153846,111999721.0,113831.6935718081,171028.84282184954,4146134162000.0,2887880100000.0,1258254062000.0,96353700000.0,32.520949195791815,37019.14723519713,26.81058842016617,5883005813393.887,13.513475,,250136106515.904,264902814265.021,-14766707749.117004,22893127980.0,17850518081.297264,2903533303000.0024,5.384333,,,,,,,,,Felipe Calderón Hinojosa,PAN,2006-2012,Crisis financiera global,GDP_NOMINAL:WDI|GDP_REAL:INEGI_BASE2018|INPC:INEGI_BIE|DEBT:SHCP|FDI:LOCAL_FILE,Reservas internacionales sin fuente cargada.,2026-07-03_v1.0,2026-07-03,Felipe Calderón Hinojosa,PAN,2006-2012,Felipe Calderón Hinojosa,PAN,0,Crisis financiera global,1,1,70.476459,71.771855,3.573538,5.297357,5.384333,5.266157,5.266157,,0,,,,,,,,,,,,,,,,,,,,,,,,,0,0.0,0.0,0,0.0,0.0,0.0,,,(GF-GC) + 2*victorias + 3*fases_superadas + 4*victorias_KO + 0.3*victorias_rival_fuerte - 0.2*derrotas_rival_debil,indicadores_47_utf8.csv | https://www.inegi.org.mx/temas/inpc/,indicadores_29_utf8.csv | https://www.inegi.org.mx/temas/empleo/,tabulado_desempleo_trimestral_limpio_utf8.csv,presidentes_mexico_hitos.csv,https://www.diputados.gob.mx/sedia/sia/re/RE-ISS-06-06.pdf,https://www.fifa.com/en/tournaments/mens/worldcup/canadamexicousa2026/articles/mexico-team-profile-history | https://en.wikipedia.org/wiki/Mexico_at_the_FIFA_World_Cup | https://www.rsssf.org/tablesw/worldcup.html,,INPC | desempleo_mensual | hitos | presidencia,,Felipe Calderón,PAN,2006-2012,Crisis financiera global,5.356,241222529828.65854,3380208022000.0054,3579757558000.0044,309365712629.5305,4338956719462.975,1890490507935.7288,4362475206375.911,362429907213.22394,5078665250070.312,5378482683658.678,464813077795.492,3144755832828.661,4724905113589.135,52526.968468018655,2026-07-03_v4,Macro 1990-2026 + fuente consolidada fútbol/economía 1930-2026; mundial 2026 provisional y calificación futbolística integrada.
2010,13968149523000.0,20107450900000.0,69.4675301830527,73.40597327045833,4.156727837197916,750.7511867282925,113623895.0,122933.20452533332,176964.98522603893,4445454839000.0,3080885000000.0,1364569839000.0,110428000000.0,31.82565329559295,39124.295457394765,7.219271381599834,6055985147994.814,12.6360083333333,,320766037580.856,334456322123.253,-13690284542.396973,22767716708.0,27189810274.29269,3150250416102.458,5.306665,,,,,,,,,Felipe Calderón Hinojosa,PAN,2006-2012,,GDP_NOMINAL:WDI|GDP_REAL:INEGI_BASE2018|INPC:INEGI_BIE|DEBT:SHCP|FDI:LOCAL_FILE,Reservas internacionales sin fuente cargada.,2026-07-03_v1.0,2026-07-03,Felipe Calderón Hinojosa,PAN,2006-2012,Felipe Calderón Hinojosa,PAN,0,,0,0,73.405973,74.930954,4.401585,4.156728,5.306665,5.470932,5.470932,,1,19.0,África,Sudáfrica,Participó,1.0,0.0,Octavos de final,3.0,14.0,4.0,1.0,1.0,2.0,4.0,5.0,-1.0,33.3333,25.0,4 PJ | 1 G | 1 E | 2 P | GF 4 | GC 5,Argentina,,Derrota 1-3 en octavos,0.0,2022-12-18,1,-1.0,2.0,3,0.0,0.3,0.0,4.3,1.075,(GF-GC) + 2*victorias + 3*fases_superadas + 4*victorias_KO + 0.3*victorias_rival_fuerte - 0.2*derrotas_rival_debil,indicadores_47_utf8.csv | https://www.inegi.org.mx/temas/inpc/,indicadores_29_utf8.csv | https://www.inegi.org.mx/temas/empleo/,tabulado_desempleo_trimestral_limpio_utf8.csv,presidentes_mexico_hitos.csv,https://www.diputados.gob.mx/sedia/sia/re/RE-ISS-06-06.pdf,https://www.fifa.com/en/tournaments/mens/worldcup/canadamexicousa2026/articles/mexico-team-profile-history | https://en.wikipedia.org/wiki/Mexico_at_the_FIFA_World_Cup | https://www.rsssf.org/tablesw/worldcup.html,,INPC | desempleo_mensual | mundial_fifa | presidencia,,Felipe Calderón,PAN,2006-2012,,5.303,343570669207.71387,4053202323921.9995,4226192873485.4316,287693058053.2598,4435000052372.111,1964327557643.4707,4534853056962.421,494577349018.1336,5834671699485.321,6083695306784.426,414140329007.1847,3493821085310.172,5029430405980.555,53298.51742888073,2026-07-03_v4,Macro 1990-2026 + fuente consolidada fútbol/economía 1930-2026; mundial 2026 provisional y calificación futbolística integrada.
2011,15268436667000.0,20799960569000.0,73.40608467189061,75.90719344110833,3.40737961668931,779.7395092536148,115243504.0,132488.4799320229,180487.05434190892,5075573766000.0,3446808600000.0,1628765166000.0,116420200000.0,33.24226230030444,44042.168016689255,14.174453454615342,6686551742869.826,12.423325,,374148226662.347,389836031336.216,-15687804673.86902,24190034859.0,25632526157.04185,3583817957999.9995,5.192309,,,,,,,,,Felipe Calderón Hinojosa,PAN,2006-2012,,GDP_NOMINAL:WDI|GDP_REAL:INEGI_BASE2018|INPC:INEGI_BIE|DEBT:SHCP|FDI:LOCAL_FILE,Reservas internacionales sin fuente cargada.,2026-07-03_v1.0,2026-07-03,Felipe Calderón Hinojosa,PAN,2006-2012,Felipe Calderón Hinojosa,PAN,0,,0,0,75.907193,77.792385,3.818757,3.40738,5.192309,5.02627,5.02627,,0,,,,,,,,,,,,,,,,,,,,,,,,,0,0.0,0.0,0,0.0,0.0,0.0,,,(GF-GC) + 2*victorias + 3*fases_superadas + 4*victorias_KO + 0.3*victorias_rival_fuerte - 0.2*derrotas_rival_debil,indicadores_47_utf8.csv | https://www.inegi.org.mx/temas/inpc/,indicadores_29_utf8.csv | https://www.inegi.org.mx/temas/empleo/,tabulado_desempleo_trimestral_limpio_utf8.csv,presidentes_mexico_hitos.csv,https://www.diputados.gob.mx/sedia/sia/re/RE-ISS-06-06.pdf,https://www.fifa.com/en/tournaments/mens/worldcup/canadamexicousa2026/articles/mexico-team-profile-history | https://en.wikipedia.org/wiki/Mexico_at_the_FIFA_World_Cup | https://www.rsssf.org/tablesw/worldcup.html,,INPC | desempleo_mensual | presidencia,,Felipe Calderón,PAN,2006-2012,,5.175,318441203019.93195,4648165018000.002,4843059713999.996,300520664814.68616,4695535275320.148,2218842175386.7266,4882181053544.667,433807639303.0571,6332124971351.215,6597627070899.408,409394760881.12964,3902259161019.9316,5315988692847.725,58021.07286558925,2026-07-03_v4,Macro 1990-2026 + fuente consolidada fútbol/economía 1930-2026; mundial 2026 provisional y calificación futbolística integrada.
2012,16529124024000.0,21539027006000.0,76.74034681044589,79.02812418615834,4.111508545591724,815.9100743555238,116818208.0,141494.41518568748,184380.73460260575,5496800233000.0,3861092400000.0,1635707833000.0,125726000000.0,33.25524223194612,47054.31051467593,8.29909063329335,6955498804516.427,13.1694583333333,,395854929792.859,410653072130.987,-14798142338.12799,24056599208.0,21769328292.351566,3915453269104.376,4.931473,,,,,,,,,Felipe Calderón Hinojosa,PAN,2006-2012,,GDP_NOMINAL:WDI|GDP_REAL:INEGI_BASE2018|INPC:INEGI_BIE|DEBT:SHCP|FDI:LOCAL_FILE,Reservas internacionales sin fuente cargada.,2026-07-03_v1.0,2026-07-03,Felipe Calderón Hinojosa,PAN,2006-2012,Enrique Peña Nieto,PRI,1,,0,0,79.028124,80.568243,3.56829,4.111509,4.931473,4.974924,4.974924,,0,,,,,,,,,,,,,,,,,,,,,,,,,0,0.0,0.0,0,0.0,0.0,0.0,,,(GF-GC) + 2*victorias + 3*fases_superadas + 4*victorias_KO + 0.3*victorias_rival_fuerte - 0.2*derrotas_rival_debil,indicadores_47_utf8.csv | https://www.inegi.org.mx/temas/inpc/,indicadores_29_utf8.csv | https://www.inegi.org.mx/temas/empleo/,tabulado_desempleo_trimestral_limpio_utf8.csv,presidentes_mexico_hitos.csv,https://www.diputados.gob.mx/sedia/sia/re/RE-ISS-06-06.pdf,https://www.fifa.com/en/tournaments/mens/worldcup/canadamexicousa2026/articles/mexico-team-profile-history | https://en.wikipedia.org/wiki/Mexico_at_the_FIFA_World_Cup | https://www.rsssf.org/tablesw/worldcup.html,,INPC | desempleo_mensual | presidencia,,Felipe Calderón,PAN,2006-2012,,4.892,286690261890.7777,5213195003951.635,5408078522884.348,316812380911.45483,5031372101480.298,2131483503769.2947,5102209504963.308,373584787932.9019,6793290909706.985,7047242744735.942,412836785444.8247,4202143530995.154,5475794292896.21,59541.22155782793,2026-07-03_v4,Macro 1990-2026 + fuente consolidada fútbol/economía 1930-2026; mundial 2026 provisional y calificación futbolística integrada.
2013,16954005682000.0,21722561391000.0,78.04791238396183,82.036242662825,3.806389823426337,850.7731822175291,118343573.0,143260.89074562586,183555.0578737385,6166829546000.0,4408878500000.0,1757951046000.0,134435900000.0,36.37387919804284,52109.5433378541,12.189442668436158,7517201356169.033,12.7719916666667,,408263658323.619,423928383606.88,-15664725283.260986,23976098088.0,48354429680.90015,3728217249698.1016,4.941874,,,,,,,,,Enrique Peña Nieto,PRI,2012-2018,Reformas estructurales; reforma energética,GDP_NOMINAL:WDI|GDP_REAL:INEGI_BASE2018|INPC:INEGI_BIE|DEBT:SHCP|FDI:LOCAL_FILE,Reservas internacionales sin fuente cargada.,2026-07-03_v1.0,2026-07-03,Enrique Peña Nieto,PRI,2012-2018,Enrique Peña Nieto,PRI,0,Reformas estructurales; reforma energética,1,1,82.036243,83.770058,3.974041,3.80639,4.941874,4.79319,4.79319,,0,,,,,,,,,,,,,,,,,,,,,,,,,0,0.0,0.0,0,0.0,0.0,0.0,,,(GF-GC) + 2*victorias + 3*fases_superadas + 4*victorias_KO + 0.3*victorias_rival_fuerte - 0.2*derrotas_rival_debil,indicadores_47_utf8.csv | https://www.inegi.org.mx/temas/inpc/,indicadores_29_utf8.csv | https://www.inegi.org.mx/temas/empleo/,tabulado_desempleo_trimestral_limpio_utf8.csv,presidentes_mexico_hitos.csv,https://www.diputados.gob.mx/sedia/sia/re/RE-ISS-06-06.pdf,https://www.fifa.com/en/tournaments/mens/worldcup/canadamexicousa2026/articles/mexico-team-profile-history | https://en.wikipedia.org/wiki/Mexico_at_the_FIFA_World_Cup | https://www.rsssf.org/tablesw/worldcup.html,,INPC | desempleo_mensual | hitos | presidencia,,Enrique Peña Nieto,PRI,2012-2018,Reformas estructurales; reforma energética,4.921,617582372930.8777,5214340041912.123,5414409782690.556,306222524979.1194,5648938408897.131,2252399830185.905,4776831481868.333,791286216462.3196,6680947488076.087,6937289694635.279,392351974095.9086,4345799622628.9795,5568117698330.652,63520.14871284166,2026-07-03_v4,Macro 1990-2026 + fuente consolidada fútbol/economía 1930-2026; mundial 2026 provisional y calificación futbolística integrada.
2014,18137650612000.0,22266442955000.0,81.45733312076743,85.33296522228333,4.018617201921471,888.981116869379,119784261.0,151419.313861276,185887.8851788383,7222878544000.0,5049533300000.0,2173345244000.0,147665800000.0,39.822569628843176,60299.06169392321,17.124666574982395,8464347307262.986,13.29245,,429314956761.169,445312781390.94,-15997824629.770996,25556643773.0,30358815135.022614,3930665958999.9966,4.834322,,,,,,,,,Enrique Peña Nieto,PRI,2012-2018,,GDP_NOMINAL:WDI|GDP_REAL:INEGI_BASE2018|INPC:INEGI_BIE|DEBT:SHCP|FDI:LOCAL_FILE,Reservas internacionales sin fuente cargada.,2026-07-03_v1.0,2026-07-03,Enrique Peña Nieto,PRI,2012-2018,Enrique Peña Nieto,PRI,0,,0,0,85.332965,87.188984,4.081322,4.018617,4.834322,4.168167,4.168167,,1,20.0,América del Sur,Brasil,Participó,1.0,0.0,Octavos de final,3.0,10.0,4.0,2.0,1.0,1.0,5.0,3.0,2.0,58.3333,50.0,4 PJ | 2 G | 1 E | 1 P | GF 5 | GC 3,Países Bajos,,Derrota 1-2 en octavos,0.0,2022-12-18,1,2.0,4.0,3,0.0,0.0,0.0,9.0,2.25,(GF-GC) + 2*victorias + 3*fases_superadas + 4*victorias_KO + 0.3*victorias_rival_fuerte - 0.2*derrotas_rival_debil,indicadores_47_utf8.csv | https://www.inegi.org.mx/temas/inpc/,indicadores_29_utf8.csv | https://www.inegi.org.mx/temas/empleo/,tabulado_desempleo_trimestral_limpio_utf8.csv,presidentes_mexico_hitos.csv,https://www.diputados.gob.mx/sedia/sia/re/RE-ISS-06-06.pdf,https://www.fifa.com/en/tournaments/mens/worldcup/canadamexicousa2026/articles/mexico-team-profile-history | https://en.wikipedia.org/wiki/Mexico_at_the_FIFA_World_Cup | https://www.rsssf.org/tablesw/worldcup.html,,INPC | desempleo_mensual | mundial_fifa | presidencia,,Enrique Peña Nieto,PRI,2012-2018,,4.819,403543032241.5314,5706647597000.001,5919297881000.001,339710409520.4139,6198991676432.173,2668078073189.3477,4825429225840.784,495404178827.2696,7005689209760.17,7266746472320.839,417040917625.8745,4334208991241.528,5320833404668.054,70663.26774986729,2026-07-03_v4,Macro 1990-2026 + fuente consolidada fútbol/economía 1930-2026; mundial 2026 provisional y calificación futbolística integrada.
2015,19228614673000.0,22868154259000.0,84.08468149733763,87.65456908468333,2.7206412625560006,915.8877452138144,121072306.0,158819.26518356724,188880.14125212087,8430561662000.0,5639503900000.0,2791057762000.0,162209500000.0,43.84383277406789,69632.45304008664,16.72024679140167,9617937490349.432,15.8482666666667,,414495031033.993,439821695268.006,-25326664234.013,26824907167.0,35943847109.47416,4454151397316.754,4.345695,,,,,,,,,Enrique Peña Nieto,PRI,2012-2018,,GDP_NOMINAL:WDI|GDP_REAL:INEGI_BASE2018|INPC:INEGI_BIE|DEBT:SHCP|FDI:LOCAL_FILE,Reservas internacionales sin fuente cargada.,2026-07-03_v1.0,2026-07-03,Enrique Peña Nieto,PRI,2012-2018,Enrique Peña Nieto,PRI,0,,0,0,87.654569,89.046818,2.130813,2.720641,4.345695,4.307361,4.307361,,0,,,,,,,,,,,,,,,,,,,,,,,,,0,0.0,0.0,0,0.0,0.0,0.0,,,(GF-GC) + 2*victorias + 3*fases_superadas + 4*victorias_KO + 0.3*victorias_rival_fuerte - 0.2*derrotas_rival_debil,indicadores_47_utf8.csv | https://www.inegi.org.mx/temas/inpc/,indicadores_29_utf8.csv | https://www.inegi.org.mx/temas/empleo/,tabulado_desempleo_trimestral_limpio_utf8.csv,presidentes_mexico_hitos.csv,https://www.diputados.gob.mx/sedia/sia/re/RE-ISS-06-06.pdf,https://www.fifa.com/en/tournaments/mens/worldcup/canadamexicousa2026/articles/mexico-team-profile-history | https://en.wikipedia.org/wiki/Mexico_at_the_FIFA_World_Cup | https://www.rsssf.org/tablesw/worldcup.html,,INPC | desempleo_mensual | presidencia,,Enrique Peña Nieto,PRI,2012-2018,,4.311,569647674016.8435,6569027783835.01,6970411512392.778,425128282091.19476,6706933771496.254,3319341540335.588,5297220989601.757,677469027500.4255,7812395393378.524,8289751936104.416,505595400399.6026,5023799071333.598,5974690017102.183,79439.61594610606,2026-07-03_v4,Macro 1990-2026 + fuente consolidada fútbol/economía 1930-2026; mundial 2026 provisional y calificación futbolística integrada.
2016,20758790506000.0,23273490747000.0,89.19500186569928,90.12792485525834,2.821707751692326,944.5531284690052,122251351.0,169804.18078160952,190374.09858153632,9934343860000.0,6182250700000.0,3752093160000.0,180986000000.0,47.85608225647171,81261.62842977498,17.837271800978137,11022492613642.371,18.6640583333333,,409476294705.042,432376614131.825,-22900319426.78302,29328819630.0,31187461586.45236,4925587657969.215,3.875227,43.2314482601,35.9916468466,7.2398014135,25.254968904,7.551873666200001,23.9617091696,,,Enrique Peña Nieto,PRI,2012-2018,,GDP_NOMINAL:WDI|GDP_REAL:INEGI_BASE2018|INPC:INEGI_BIE|DEBT:SHCP|FDI:LOCAL_FILE|POVERTY:CONEVAL_2022_current_methodology,Reservas internacionales sin fuente cargada.,2026-07-03_v1.0,2026-07-03,Enrique Peña Nieto,PRI,2012-2018,Enrique Peña Nieto,PRI,0,,0,0,90.127925,92.039035,3.360274,2.821708,3.875227,3.636905,3.636905,,0,,,,,,,,,,,,,,,,,,,,,,,,,0,0.0,0.0,0,0.0,0.0,0.0,,,(GF-GC) + 2*victorias + 3*fases_superadas + 4*victorias_KO + 0.3*victorias_rival_fuerte - 0.2*derrotas_rival_debil,indicadores_47_utf8.csv | https://www.inegi.org.mx/temas/inpc/,indicadores_29_utf8.csv | https://www.inegi.org.mx/temas/empleo/,tabulado_desempleo_trimestral_limpio_utf8.csv,presidentes_mexico_hitos.csv,https://www.diputados.gob.mx/sedia/sia/re/RE-ISS-06-06.pdf,https://www.fifa.com/en/tournaments/mens/worldcup/canadamexicousa2026/articles/mexico-team-profile-history | https://en.wikipedia.org/wiki/Mexico_at_the_FIFA_World_Cup | https://www.rsssf.org/tablesw/worldcup.html,,INPC | desempleo_mensual | presidencia,,Enrique Peña Nieto,PRI,2012-2018,,3.853,582084602318.1383,7642489450492.082,8069902348125.525,547394800422.1308,6931162700471.268,4206618175365.385,5522268686518.625,652597780304.5308,8568293391595.373,9047482683252.094,613705688628.5421,5507672260287.354,6174866466823.156,90162.54236439784,2026-07-03_v4,Macro 1990-2026 + fuente consolidada fútbol/economía 1930-2026; mundial 2026 provisional y calificación futbolística integrada.
2017,22536210255000.0,23709107314000.0,95.05296828148644,95.572963619625,6.04145582305502,1007.6593442737992,123400057.0,182627.22727105385,192132.06128421804,10286748610000.0,6448500800000.0,3838247810000.0,193981200000.0,45.64542349225611,83360.97130003756,3.547337951718532,10763241214262.938,18.9265166666667,,446688309687.408,469597181245.762,-22908871558.354004,32922876924.0,34017612433.76213,5234156384816.187,3.421416,,,,,,,,,Enrique Peña Nieto,PRI,2012-2018,,GDP_NOMINAL:WDI|GDP_REAL:INEGI_BASE2018|INPC:INEGI_BIE|DEBT:SHCP|FDI:LOCAL_FILE,Reservas internacionales sin fuente cargada.,2026-07-03_v1.0,2026-07-03,Enrique Peña Nieto,PRI,2012-2018,Enrique Peña Nieto,PRI,0,,0,0,95.572964,98.272883,6.773048,6.041456,3.421416,3.390954,3.390954,,0,,,,,,,,,,,,,,,,,,,,,,,,,0,0.0,0.0,0,0.0,0.0,0.0,,,(GF-GC) + 2*victorias + 3*fases_superadas + 4*victorias_KO + 0.3*victorias_rival_fuerte - 0.2*derrotas_rival_debil,indicadores_47_utf8.csv | https://www.inegi.org.mx/temas/inpc/,indicadores_29_utf8.csv | https://www.inegi.org.mx/temas/empleo/,tabulado_desempleo_trimestral_limpio_utf8.csv,presidentes_mexico_hitos.csv,https://www.diputados.gob.mx/sedia/sia/re/RE-ISS-06-06.pdf,https://www.fifa.com/en/tournaments/mens/worldcup/canadamexicousa2026/articles/mexico-team-profile-history | https://en.wikipedia.org/wiki/Mexico_at_the_FIFA_World_Cup | https://www.rsssf.org/tablesw/worldcup.html,,INPC | desempleo_mensual | presidencia,,Enrique Peña Nieto,PRI,2012-2018,,3.419,643834908687.8074,8454253738103.904,8887838877467.617,623115378816.7025,6784113023071.139,4038009416637.628,5506568052999.612,677343296404.1458,8894255372507.443,9350406450377.742,655545418604.3208,5877991293503.994,6183911349403.758,87222.33583946349,2026-07-03_v4,Macro 1990-2026 + fuente consolidada fútbol/economía 1930-2026; mundial 2026 provisional y calificación futbolística integrada.
2018,24176670376000.0,24176670374000.0,100.00000000827242,100.25541853476666,4.899350964753557,1061.9274630436605,124573711.0,194075.22005987284,194075.2200438181,11019212274000.0,7036273240000.0,3982939034000.0,202355300000.0,45.577873638624325,88455.35856277093,7.120458482750847,10991138868148.805,19.2443416666667,,490508969545.438,517202845542.861,-26693875997.423035,36526305945.0,34098235421.192577,5572111430484.856,3.324706,41.9059105108,34.8828865148,7.023023996,26.4350978378,7.9784286341,23.6805630172,,,Enrique Peña Nieto,PRI,2012-2018,,GDP_NOMINAL:WDI|GDP_REAL:INEGI_BASE2018|INPC:INEGI_BIE|DEBT:SHCP|FDI:LOCAL_FILE|POVERTY:CONEVAL_2022_current_methodology,Reservas internacionales sin fuente cargada.,2026-07-03_v1.0,2026-07-03,Enrique Peña Nieto,PRI,2012-2018,Andrés Manuel López Obrador,MORENA,1,,0,0,100.255419,103.02,4.830546,4.899351,3.324706,3.657608,3.657608,,1,21.0,Europa,Rusia,Participó,1.0,0.0,Octavos de final,3.0,12.0,4.0,2.0,0.0,2.0,3.0,6.0,-3.0,50.0,50.0,4 PJ | 2 G | 0 E | 2 P | GF 3 | GC 6,Brasil,,Derrota 0-2 en octavos,0.0,2022-12-18,1,-3.0,4.0,3,0.0,0.3,0.0,4.3,1.075,(GF-GC) + 2*victorias + 3*fases_superadas + 4*victorias_KO + 0.3*victorias_rival_fuerte - 0.2*derrotas_rival_debil,indicadores_47_utf8.csv | https://www.inegi.org.mx/temas/inpc/,indicadores_29_utf8.csv | https://www.inegi.org.mx/temas/empleo/,tabulado_desempleo_trimestral_limpio_utf8.csv,presidentes_mexico_hitos.csv,https://www.diputados.gob.mx/sedia/sia/re/RE-ISS-06-06.pdf,https://www.fifa.com/en/tournaments/mens/worldcup/canadamexicousa2026/articles/mexico-team-profile-history | https://en.wikipedia.org/wiki/Mexico_at_the_FIFA_World_Cup | https://www.rsssf.org/tablesw/worldcup.html,,INPC | desempleo_mensual | mundial_fifa | presidencia,,Enrique Peña Nieto,PRI,2012-2018,,3.275,656198092675.8667,9439522200497.02,9953228270599.06,702924711426.779,7036273239417.93,3982939033670.514,5572111430023.907,656198092621.5831,9439522199716.143,9953228269775.688,702924711368.6301,6228309523160.723,6228309522645.49,88230.00278243942,2026-07-03_v4,Macro 1990-2026 + fuente consolidada fútbol/economía 1930-2026; mundial 2026 provisional y calificación futbolística integrada.
2019,25121823307000.0,24081730885000.0,104.3190102362943,103.90066666666668,3.635961213044969,1104.1746949236451,125762982.0,199755.30881575312,191485.04990920145,11427964970000.0,7570648400000.0,3857316570000.0,204684300000.0,45.49018926829124,90869.06805374574,3.7094547762225982,10998933247139.896,19.2636333333333,,502467566320.434,507718819549.77,-5251253229.335999,39833517538.0,34617088049.75312,5442887800182.426,3.490619,,,,,,,,,Andrés Manuel López Obrador,MORENA,2018-2024,Transición TLCAN a T-MEC,GDP_NOMINAL:WDI|GDP_REAL:INEGI_BASE2018|INPC:INEGI_BIE|DEBT:SHCP|FDI:LOCAL_FILE,Reservas internacionales sin fuente cargada.,2026-07-03_v1.0,2026-07-03,Andrés Manuel López Obrador,MORENA,2018-2024,Andrés Manuel López Obrador,MORENA,0,Transición TLCAN a T-MEC,1,1,103.900667,105.934,2.828577,3.635961,3.490619,3.192003,3.192003,,0,,,,,,,,,,,,,,,,,,,,,,,,,0,0.0,0.0,0,0.0,0.0,0.0,,,(GF-GC) + 2*victorias + 3*fases_superadas + 4*victorias_KO + 0.3*victorias_rival_fuerte - 0.2*derrotas_rival_debil,indicadores_47_utf8.csv | https://www.inegi.org.mx/temas/inpc/,indicadores_29_utf8.csv | https://www.inegi.org.mx/temas/empleo/,tabulado_desempleo_trimestral_limpio_utf8.csv,presidentes_mexico_hitos.csv,https://www.diputados.gob.mx/sedia/sia/re/RE-ISS-06-06.pdf,https://www.fifa.com/en/tournaments/mens/worldcup/canadamexicousa2026/articles/mexico-team-profile-history | https://en.wikipedia.org/wiki/Mexico_at_the_FIFA_World_Cup | https://www.rsssf.org/tablesw/worldcup.html,,INPC | desempleo_mensual | hitos | presidencia,,Andrés Manuel López Obrador,MORENA,2018-2024,Transición TLCAN a T-MEC,3.477,666850891258.1581,9679350959489.174,9780509176239.584,767338276228.9333,7257208808683.699,3697616149983.3477,5217541642557.451,639241965340.4166,9278606974476.037,9375577043997.666,735568976824.8623,6109738691440.584,5856783607897.868,87457.63715383194,2026-07-03_v4,Macro 1990-2026 + fuente consolidada fútbol/economía 1930-2026; mundial 2026 provisional y calificación futbolística integrada.
2020,24086758130000.0,22069934760000.0,109.1383295507304,107.43,3.396834155700001,1145.078512255108,126799054.0,189960.0775412725,174054.41179395549,12440906727000.0,7979407900000.0,4461498827000.0,223648600000.0,51.6503991938412,98115.13835899752,8.863710727667717,11580477266126.78,21.4856083333333,,439853932827.966,421735413258.959,18118519569.00702,43977653965.0,28209912640.85252,4843251726139.474,4.409303,43.9113547784,35.3956548243,8.5156999541,23.7027917564,8.862106232,23.5237472331,,,Andrés Manuel López Obrador,MORENA,2018-2024,Transición TLCAN a T-MEC; COVID-19 y recesión,GDP_NOMINAL:WDI|GDP_REAL:INEGI_BASE2018|INPC:INEGI_BIE|DEBT:SHCP|FDI:LOCAL_FILE|POVERTY:CONEVAL_2022_current_methodology,Reservas internacionales sin fuente cargada.,2026-07-03_v1.0,2026-07-03,Andrés Manuel López Obrador,MORENA,2018-2024,Andrés Manuel López Obrador,MORENA,0,Transición TLCAN a T-MEC; COVID-19 y recesión,1,1,107.43,109.271,3.150075,3.396834,4.409303,4.162913,4.162913,,0,,,,,,,,,,,,,,,,,,,,,,,,,0,0.0,0.0,0,0.0,0.0,0.0,,,(GF-GC) + 2*victorias + 3*fases_superadas + 4*victorias_KO + 0.3*victorias_rival_fuerte - 0.2*derrotas_rival_debil,indicadores_47_utf8.csv | https://www.inegi.org.mx/temas/inpc/,indicadores_29_utf8.csv | https://www.inegi.org.mx/temas/empleo/,tabulado_desempleo_trimestral_limpio_utf8.csv,presidentes_mexico_hitos.csv,https://www.diputados.gob.mx/sedia/sia/re/RE-ISS-06-06.pdf,https://www.fifa.com/en/tournaments/mens/worldcup/canadamexicousa2026/articles/mexico-team-profile-history | https://en.wikipedia.org/wiki/Mexico_at_the_FIFA_World_Cup | https://www.rsssf.org/tablesw/worldcup.html,,INPC | desempleo_mensual | hitos | presidencia,,Andrés Manuel López Obrador,MORENA,2018-2024,Transición TLCAN a T-MEC; COVID-19 y recesión,4.44,606107134118.9053,9450529324617.973,9061241909578.451,944886648510.8522,7311279119670.747,4087930285689.5723,4437718394698.538,555356799589.9833,8659221158616.979,8302529410958.728,865769755135.9752,5449358860258.379,4993075194288.521,91329.36643302385,2026-07-03_v4,Macro 1990-2026 + fuente consolidada fútbol/economía 1930-2026; mundial 2026 provisional y calificación futbolística integrada.
2021,26690033392000.0,23404831113000.0,114.03642804828984,113.54191666666668,5.689208476837626,1215.9136245176094,127648148.0,209090.64338324752,183354.2552689445,13489739423000.0,8927715400000.0,4562024023000.0,221635000000.0,50.542235091558105,105679.08453321234,8.4305165131072,11880845258762.732,20.2724083333333,,534121610565.454,559543398297.824,-25421787732.369995,55067029560.0,33449943181.33038,5687574828519.131,4.136165,,,,,,,,,Andrés Manuel López Obrador,MORENA,2018-2024,,GDP_NOMINAL:WDI|GDP_REAL:INEGI_BASE2018|INPC:INEGI_BIE|DEBT:SHCP|FDI:LOCAL_FILE,Reservas internacionales sin fuente cargada.,2026-07-03_v1.0,2026-07-03,Andrés Manuel López Obrador,MORENA,2018-2024,Andrés Manuel López Obrador,MORENA,0,,0,0,113.541917,117.308,7.355108,5.689208,4.136165,3.804984,3.804984,,0,,,,,,,,,,,,,,,,,,,,,,,,,0,0.0,0.0,0,0.0,0.0,0.0,,,(GF-GC) + 2*victorias + 3*fases_superadas + 4*victorias_KO + 0.3*victorias_rival_fuerte - 0.2*derrotas_rival_debil,indicadores_47_utf8.csv | https://www.inegi.org.mx/temas/inpc/,indicadores_29_utf8.csv | https://www.inegi.org.mx/temas/empleo/,tabulado_desempleo_trimestral_limpio_utf8.csv,presidentes_mexico_hitos.csv,https://www.diputados.gob.mx/sedia/sia/re/RE-ISS-06-06.pdf,https://www.fifa.com/en/tournaments/mens/worldcup/canadamexicousa2026/articles/mexico-team-profile-history | https://en.wikipedia.org/wiki/Mexico_at_the_FIFA_World_Cup | https://www.rsssf.org/tablesw/worldcup.html,,INPC | desempleo_mensual | presidencia,,Andrés Manuel López Obrador,MORENA,2018-2024,,4.019,678110906898.7273,10827931389040.512,11343292250514.44,1116341308944.0552,7828827641128.388,4000497122786.2085,4987506997422.501,594644113731.425,9495151307664.002,9947077828245.385,978933949484.396,6365685735417.858,5582151111153.926,93074.95208440261,2026-07-03_v4,Macro 1990-2026 + fuente consolidada fútbol/economía 1930-2026; mundial 2026 provisional y calificación futbolística integrada.
2022,29525508622000.0,24273093494000.0,121.63883696694174,122.5075,7.896276191685447,1319.8217987535384,128613117.0,229568.40881167664,188729.53288271523,14240191393000.0,10012026700000.0,4228164693000.0,217786080000.0,48.23013068228526,110721.1435751145,5.563131699345347,11623934365651.084,20.12735,,629788673074.2,672827146643.746,-43038473569.54602,61457717975.0,35701400307.133965,6620728564999.999,3.270224,36.3141904843,29.2510526551,7.0631378292,29.4141148145,7.2152392806,27.056455420600003,,,Andrés Manuel López Obrador,MORENA,2018-2024,Alta inflación global y normalización monetaria,GDP_NOMINAL:WDI|GDP_REAL:INEGI_BASE2018|INPC:INEGI_BIE|DEBT:SHCP|FDI:LOCAL_FILE|POVERTY:CONEVAL_2022_current_methodology,Reservas internacionales sin fuente cargada.,2026-07-03_v1.0,2026-07-03,Andrés Manuel López Obrador,MORENA,2018-2024,Andrés Manuel López Obrador,MORENA,0,Alta inflación global y normalización monetaria,1,1,122.5075,126.478,7.817029,7.896276,3.270224,2.962162,2.962162,,1,22.0,Asia,Catar,Participó,1.0,0.0,Fase de grupos,1.0,22.0,3.0,1.0,1.0,1.0,2.0,3.0,-1.0,44.4444,33.3333,3 PJ | 1 G | 1 E | 1 P | GF 2 | GC 3,,,3.º del Grupo C; eliminado por diferencia de goles,0.0,2022-12-18,0,-1.0,2.0,0,0.0,0.0,0.0,1.0,0.3333333333333333,(GF-GC) + 2*victorias + 3*fases_superadas + 4*victorias_KO + 0.3*victorias_rival_fuerte - 0.2*derrotas_rival_debil,indicadores_47_utf8.csv | https://www.inegi.org.mx/temas/inpc/,indicadores_29_utf8.csv | https://www.inegi.org.mx/temas/empleo/,tabulado_desempleo_trimestral_limpio_utf8.csv,presidentes_mexico_hitos.csv,https://www.diputados.gob.mx/sedia/sia/re/RE-ISS-06-06.pdf,https://www.fifa.com/en/tournaments/mens/worldcup/canadamexicousa2026/articles/mexico-team-profile-history | https://en.wikipedia.org/wiki/Mexico_at_the_FIFA_World_Cup | https://www.rsssf.org/tablesw/worldcup.html,,INPC | desempleo_mensual | hitos | mundial_fifa | presidencia,,Andrés Manuel López Obrador,MORENA,2018-2024,Alta inflación global y normalización monetaria,3.256,718574579471.7928,12675977048999.998,13542227470000.0,1236980999884.1162,8230945765061.046,3475998947728.434,5442939714064.629,590744368648.5449,10420994942959.705,11133144485490.621,1016929321858.1952,7339303144471.792,6033684082713.174,90379.07358742486,2026-07-03_v4,Macro 1990-2026 + fuente consolidada fútbol/economía 1930-2026; mundial 2026 provisional y calificación futbolística integrada.
2023,31866425547000.0,25031031633000.0,127.30767958036722,129.27966666666666,5.527960873143822,1398.308992257001,129739759.0,245618.04178316687,192932.62008448772,15087477292000.0,11447423100000.0,3640054192000.0,215107800000.0,47.345998281945306,116290.31384280587,5.949961454987873,11670417847612.023,17.7587166666667,,648642274776.945,674539332148.826,-25897057371.881104,66237847600.0,36147942400.13709,7417669712769.427,2.79562,,,,,,,,,Andrés Manuel López Obrador,MORENA,2018-2024,,GDP_NOMINAL:WDI|GDP_REAL:INEGI_BASE2018|INPC:INEGI_BIE|DEBT:SHCP|FDI:LOCAL_FILE,Reservas internacionales sin fuente cargada.,2026-07-03_v1.0,2026-07-03,Andrés Manuel López Obrador,MORENA,2018-2024,Andrés Manuel López Obrador,MORENA,0,,0,0,129.279667,132.373,4.66089,5.527961,2.79562,2.800651,2.800651,2.787361,0,,,,,,,,,,,,,,,,,,,,,,,,,0,0.0,0.0,0,0.0,0.0,0.0,,,(GF-GC) + 2*victorias + 3*fases_superadas + 4*victorias_KO + 0.3*victorias_rival_fuerte - 0.2*derrotas_rival_debil,indicadores_47_utf8.csv | https://www.inegi.org.mx/temas/inpc/,indicadores_29_utf8.csv | https://www.inegi.org.mx/temas/empleo/,tabulado_desempleo_trimestral_limpio_utf8.csv,presidentes_mexico_hitos.csv,https://www.diputados.gob.mx/sedia/sia/re/RE-ISS-06-06.pdf,https://www.fifa.com/en/tournaments/mens/worldcup/canadamexicousa2026/articles/mexico-team-profile-history | https://en.wikipedia.org/wiki/Mexico_at_the_FIFA_World_Cup | https://www.rsssf.org/tablesw/worldcup.html,,INPC | desempleo_mensual | desempleo_trimestral | presidencia,,Andrés Manuel López Obrador,MORENA,2018-2024,,2.765,641941067167.0225,11519054375785.934,11978952880153.582,1176299168138.2488,8991934451820.271,2859257355093.095,5826568936940.505,504243788970.93616,9048200716370.883,9409450332956.127,923981312058.7676,8059610779936.449,6330812725911.441,89952.51677330481,2026-07-03_v4,Macro 1990-2026 + fuente consolidada fútbol/economía 1930-2026; mundial 2026 provisional y calificación futbolística integrada.
2024,33506846910000.0,25396468500000.0,131.9350637668383,135.38458333333332,4.722255884529414,1469.06297681229,130861007.0,256049.1293636461,194072.0852010561,18115279878000.0,13635012700000.0,4480267178000.0,221048000000.0,54.06441234729717,138431.45711082598,20.06831577871182,13380607623098.396,18.3048583333333,,682472609894.051,698190455615.662,-15717845721.610962,67637913797.0,31089926810.26959,7961999861988.811,2.670426,,,,,,,,,Andrés Manuel López Obrador,MORENA,2018-2024,Cambio de administración federal,GDP_NOMINAL:WDI|GDP_REAL:INEGI_BASE2018|INPC:INEGI_BIE|DEBT:SHCP|FDI:LOCAL_FILE,Reservas internacionales sin fuente cargada.,2026-07-03_v1.0,2026-07-03,Andrés Manuel López Obrador,MORENA,2018-2024,Claudia Sheinbaum Pardo,MORENA,1,Cambio de administración federal,2,1,135.384583,137.949,4.212339,4.722256,2.670426,2.638978,2.638978,2.694996,0,,,,,,,,,,,,,,,,,,,,,,,,,0,0.0,0.0,0,0.0,0.0,0.0,,,(GF-GC) + 2*victorias + 3*fases_superadas + 4*victorias_KO + 0.3*victorias_rival_fuerte - 0.2*derrotas_rival_debil,indicadores_47_utf8.csv | https://www.inegi.org.mx/temas/inpc/,indicadores_29_utf8.csv | https://www.inegi.org.mx/temas/empleo/,tabulado_desempleo_trimestral_limpio_utf8.csv,presidentes_mexico_hitos.csv,https://www.diputados.gob.mx/sedia/sia/re/RE-ISS-06-06.pdf,https://www.fifa.com/en/tournaments/mens/worldcup/canadamexicousa2026/articles/mexico-team-profile-history | https://en.wikipedia.org/wiki/Mexico_at_the_FIFA_World_Cup | https://www.rsssf.org/tablesw/worldcup.html,,INPC | desempleo_mensual | desempleo_trimestral | hitos | presidencia,,Andrés Manuel López Obrador,MORENA,2018-2024,Cambio de administración federal,2.678,569096705855.6857,12492564440490.846,12780277379730.123,1238102430016.295,10334639110112.852,3395812341378.5845,6034786837303.253,431346064956.1814,9468722024168.1,9686793650485.527,938418032831.9137,8531096567844.496,6466132902259.435,102250.53230026265,2026-07-03_v4,Macro 1990-2026 + fuente consolidada fútbol/economía 1930-2026; mundial 2026 provisional y calificación futbolística integrada.
2025,35255452916000.0,25539116262009.47,138.04492118798956,140.54216666666667,3.8095795003739497,1528.8376783248882,131946900.0,267194.24947459926,193556.01580643025,19714979481000.0,15397241900000.0,4317737581000.0,240318900000.0,55.92036933399525,149416.01114539258,8.830664575835478,14027803860288.666,19.2375083333333,,726556896246.645,738162519126.698,-11605622880.05298,,,7899253805872.413,2.646377,,,,,,,,,Claudia Sheinbaum Pardo,MORENA,2024-2030,,GDP_NOMINAL:WDI|GDP_REAL:EST_WDI_GROWTH|INPC:INEGI_BIE|DEBT:SHCP,PIB real 2025 estimado con crecimiento WDI. Reservas internacionales sin fuente cargada.,2026-07-03_v1.0,2026-07-03,Claudia Sheinbaum Pardo,MORENA,2024-2030,Claudia Sheinbaum Pardo,MORENA,0,,0,0,140.542167,143.042,3.691944,3.80958,2.646377,2.623476,2.623476,2.639265,0,,,,,,,,,,,,,,,,,,,,,,,,,0,0.0,0.0,0,0.0,0.0,0.0,,,(GF-GC) + 2*victorias + 3*fases_superadas + 4*victorias_KO + 0.3*victorias_rival_fuerte - 0.2*derrotas_rival_debil,indicadores_47_utf8.csv | https://www.inegi.org.mx/temas/inpc/,indicadores_29_utf8.csv | https://www.inegi.org.mx/temas/empleo/,tabulado_desempleo_trimestral_limpio_utf8.csv,presidentes_mexico_hitos.csv,https://www.diputados.gob.mx/sedia/sia/re/RE-ISS-06-06.pdf,https://www.fifa.com/en/tournaments/mens/worldcup/canadamexicousa2026/articles/mexico-team-profile-history | https://en.wikipedia.org/wiki/Mexico_at_the_FIFA_World_Cup | https://www.rsssf.org/tablesw/worldcup.html,,INPC | desempleo_mensual | desempleo_trimestral | presidencia,,Claudia Sheinbaum Pardo,MORENA,2024-2030,,2.673,,13977144346185.611,14200407613054.152,,11153790930875.346,3127777207478.7925,5722234282792.056,,10125069597563.49,10286801927117.65,,,,106314.00859200682,2026-07-03_v4,Macro 1990-2026 + fuente consolidada fútbol/economía 1930-2026; mundial 2026 provisional y calificación futbolística integrada.
2026,,,,,,,,,,20114345218000.0,15609420800000.0,4504924418000.0,249349600000.0,,,2.0256969447261186,,,,,,,,,,2.680379,,,,,,,,,Claudia Sheinbaum Pardo,MORENA,2024-2030,,DEBT:SHCP,Año parcial: sólo deuda/INPC hasta último mes disponible; PIB anual no disponible. Deuda tomada del mes 3 por no existir diciembre. Reservas internacionales sin fuente cargada.,2026-07-03_v1.0,2026-07-03,Claudia Sheinbaum Pardo,MORENA,2024-2030,Claudia Sheinbaum Pardo,MORENA,0,,0,0,,,,,2.680379,,2.699438,2.553774,1,23.0,América del Norte,Canadá / México / Estados Unidos,En curso,1.0,1.0,Octavos de final (en curso),3.0,,4.0,4.0,0.0,0.0,8.0,0.0,8.0,100.0,100.0,4 PJ | 4 G | 0 E | 0 P | GF 8 | GC 0,,Inglaterra,Ganó el Grupo A y venció 2-0 a Ecuador en ronda de 32; próximo rival: Inglaterra,1.0,2026-07-03,2,8.0,8.0,6,4.0,0.3,0.0,26.3,6.575,(GF-GC) + 2*victorias + 3*fases_superadas + 4*victorias_KO + 0.3*victorias_rival_fuerte - 0.2*derrotas_rival_debil,indicadores_47_utf8.csv | https://www.inegi.org.mx/temas/inpc/,indicadores_29_utf8.csv | https://www.inegi.org.mx/temas/empleo/,tabulado_desempleo_trimestral_limpio_utf8.csv,presidentes_mexico_hitos.csv,https://www.diputados.gob.mx/sedia/sia/re/RE-ISS-06-06.pdf,https://www.fifa.com/en/tournaments/mens/worldcup/canadamexicousa2026/articles/mexico-team-profile-history | https://en.wikipedia.org/wiki/Mexico_at_the_FIFA_World_Cup | https://www.rsssf.org/tablesw/worldcup.html,https://www.fifa.com/en/tournaments/mens/worldcup/canadamexicousa2026/articles/mexico-south-africa-highlights-match-report | https://www.fifa.com/en/articles/mexico-korea-republic-highlights-match-report | https://www.fifa.com/en/tournaments/mens/worldcup/canadamexicousa2026/articles/czechia-mexico-match-report-highlights | https://inside.fifa.com/data-centre/matches | https://www.reuters.com/sports/soccer/mexican-president-urges-responsible-world-cup-celebrations-following-deaths-2026-07-03/,desempleo_mensual | desempleo_trimestral | mundial_fifa | presidencia,Desempleo mensual parcial: 5 meses | Desempleo trimestral parcial: 1 trimestre(s) | Mundial 2026 en curso; estadísticas hasta el 3 de julio de 2026,Claudia Sheinbaum Pardo,MORENA,2024-2030,,,,,,,,,,,,,,,,,2026-07-03_v4,Macro 1990-2026 + fuente consolidada fútbol/economía 1930-2026; mundial 2026 provisional y calificación futbolística integrada.
